numprocs,N,time
1,10,0.0024799000238999724
1,100,0.002984600025229156
1,1000,0.007361299940384924
1,10000,0.05026160005945712
1,100000,0.4558046000311151
1,1000000,4.632463800022379
