numprocs,N,M,time
2,200,20000,2.474569599959068
4,200,20000,1.4641160999890417
8,200,20000,1.3958173000719398
14,200,20000,1.025291100027971
