numprocs,N,M,time
2,200,20000,2.1523555000312626
4,200,20000,1.2417560999747366
8,200,20000,1.248762400005944
14,200,20000,1.1489999999757856
