numprocs,N,M,time
2,20,2000000,15.672760999994352
4,20,2000000,15.238140200002817
8,20,2000000,14.99483360000886
11,20,2000000,14.602780599991092
2,50,800000,15.130303400015691
4,50,800000,14.508052300021518
8,50,800000,14.480089200020302
11,50,800000,14.40788870002143
2,100,200000,8.4821735000005
4,100,200000,7.32206970002153
8,100,200000,6.985806099983165
11,100,200000,6.9702122999879074
4,4000,5000,41.51055850001285
9,4000,5000,40.56265340000391
16,4000,5000,40.59119449998252
