numprocs,N,M,time
2,20,2000000,15.056232099974295
4,20,2000000,15.549593500007177
8,20,2000000,14.530880900012562
11,20,2000000,14.988982400012901
2,50,800000,16.218943799991393
4,50,800000,14.812278299999889
8,50,800000,14.864018299995223
11,50,800000,14.510582899994915
2,100,200000,8.093111900001531
4,100,200000,7.909049699985189
8,100,200000,7.826438699994469
11,100,200000,7.675674500002064
4,4000,5000,41.864692299976014
9,4000,5000,40.21351269999286
16,4000,5000,43.531909800018184
