numprocs,N,M,time
4,100,200000,14.37818359999801
9,100,200000,15.021519000001717
16,100,200000,14.737294100006693
