numprocs,N,M,time
4,100,200000,15.222487500010175
9,100,200000,15.125459099988802
16,100,200000,13.814181200010353
