numprocs,N,M,time
4,100,80,0.007864699990022928
9,100,80,0.021679700003005564
16,100,80,0.010086100024636835
