numprocs,N,M,time
4,100,200000,12.965214500029106
9,100,200000,13.307466399972327
16,100,200000,12.575392299972009
4,4000,5000,50.397777700040024
9,4000,5000,44.12330610002391
16,4000,5000,44.169274599989876
