nprocs,time_seconds
2,0.035757199992076494
4,0.03739759999734815
8,0.04364420000638347
16,0.08073570000124164
32,20.000903200008906
