nprocs,time_seconds
2,0.036201499999151565
4,0.03550260000338312
8,0.051402600001893006
16,0.044979099999181926
32,4.721825099986745
