numprocs,N,M,time
4,4000,5000,41.864692299976014
9,4000,5000,40.21351269999286
16,4000,5000,43.531909800018184
