numprocs,N,M,time
4,4000,5000,50.397777700040024
9,4000,5000,44.12330610002391
16,4000,5000,44.169274599989876
