numprocs,N,M,time
4,4000,5000,43.3137419000268
9,4000,5000,43.858019699924625
16,4000,5000,44.05337099998724
